cnpj	c_prod	x_prod	produto_codigo
43999630000124	AAS029-EX4	FASSON ECOPRINT/S2045N/60G - EXACT 1000	MP-PAP-013
43999630000124	AAS029-EX3	FASSON ECOPRINT/S2045N/60G - EXACT 1500	MP-PAP-014
43999630000124	AAS040-EX1	FASSON TERMICO DRY/S2045N/60G - EXACT 1000	MP-PAP-015
43999630000124	AAS121-EX3	FASSON PP BRANCO FOSCO NTC/S0290/60G - EXACT 1500	MP-FLM-015
03514129000106	05850111	COLACRIL_TERMICO ECO70G L/ADC5240/60G FSC _	MP-PAP-017
03514129000106	301A3G133N	COLACRIL_BOPP TPTE TC 50M L/ADC1000/GL52M	MP-FLM-019
03514129000106	301A3G333N	COLACRIL_BOPP BRANCO TC60M L/ADC210/GL52M	MP-FLM-020
03514129000106	301A3G43N	COLACRIL_BOPP BCO FOSCONTC 60M L/ADC1000/GL52M	MP-FLM-021
03514129000106	301A4G13N	COLACRIL_BOPP METALIZADOTC 50M L/ADC1000/GL52M	MP-FLM-022
03514129000106	301A4G592N	COLACRIL_BOPP BCO FOSCOTC 60M/ADC1000/GL52M	MP-FLM-023
03514129000106	303A5G13C	COLACRIL_COUCHE 80GL/ADC200/60GR_	MP-PAP-018
03514129000106	303H5G73C	COLACRIL_COUCHE 80G L/ADC5240/60G _	MP-PAP-019
03514129000106	503H5G73C	COLACRIL_COUCHE 80G L/ADC5240/60G _	MP-PAP-019
03514129000106	501H3G03C	COLACRIL_BOPP BCO FOSCONTC 60M L/ADC3000/GL52M_	MP-FLM-024
34661762000150	8E0193927730060	B0883 | FLM4443 | 03838 PP TC8 GLOSS CLEAR	MP-FLM-016
34661762000150	8E0193927730240	B0883 | FLM4443 | 03838 PP TC8 GLOSS CLEAR	MP-FLM-016
34661762000150	8E0193927730250	B0883 | FLM4443 | 03838 PP TC8 GLOSS CLEAR	MP-FLM-016
34661762000150	8E0211927730080	B0912 | FLM4445 | 07182 PP MATT WHITE	MP-FLM-017
34661762000150	8E0211927730090	B0912 | FLM4445 | 07182 PP MATT WHITE	MP-FLM-017
34661762000150	8E0211927730110	B0912 | FLM4445 | 07182 PP MATT WHITE	MP-FLM-017
34661762000150	8E0211927730210	B0912 | FLM4445 | 07182 PP MATT WHITE	MP-FLM-017
34661762000150	8E02889277O0070	B5009 | FLM4274 | 02102 PP TC8 GLOSS WHITE	MP-FLM-018
34661762000150	8E02889277O0075	B5009 | FLM4274 | 02102 PP TC8 GLOSS WHITE	MP-FLM-018
34661762000150	8E02889277O0080	B5009 | FLM4274 | 02102 PP TC8 GLOSS WHITE	MP-FLM-018
34661762000150	8E02889277O0085	B5009 | FLM4274 | 02102 PP TC8 GLOSS WHITE	MP-FLM-018
34661762000150	8E02889277O0105	B5009 | FLM4274 | 02102 PP TC8 GLOSS WHITE	MP-FLM-018
34661762000150	8E02889277O0110	B5009 | FLM4274 | 02102 PP TC8 GLOSS WHITE	MP-FLM-018
34661762000150	8E02889277O0130	B5009 | FLM4274 | 02102 PP TC8 GLOSS WHITE	MP-FLM-018
34661762000150	8E02889277O0160	B5009 | FLM4274 | 02102 PP TC8 GLOSS WHITE	MP-FLM-018
34661762000150	8E02889277O0210	B5009 | FLM4274 | 02102 PP TC8 GLOSS WHITE	MP-FLM-018
48062707000159	PA900392110060	VERTEX 5030 G62 60 MM IMP	MP-PAP-016
48062707000159	PA900392110080	VERTEX 5030 G62 80 MM IMP	MP-PAP-016
48062707000159	PA900392110095	VERTEX 5030 G62 95 MM IMP	MP-PAP-016
48062707000159	PA900392110100	VERTEX 5030 G62 100 MM IMP	MP-PAP-016
48062707000159	PA900392110110	VERTEX 5030 G62 110 MM IMP	MP-PAP-016
48062707000159	PA900392110250	VERTEX 5030 G62 250 MM IMP	MP-PAP-016
48062707000159	PL900392110166	VERTEX 5030 G62 166 MM IMP	MP-PAP-016
06154635000391	2070	BOPP BRANCO BRILHO TC AP120 GL58	MP-FLM-025
06154635000391	2071	BOPP TRANSPARENTE TC AP120 GL58	MP-FLM-026
06154635000391	2237	BOPP TERMICO BR TC AP718 GL58	MP-FLM-027
06154635000391	2371	COUCHE TACKMELT AHM850 GL50	MP-PAP-020
06154635000391	2424	BOPP METALIZADO PRATA TC AP120 GL58	MP-FLM-028
18270945000199	1193	808M-FILME ADESIVO P/LAMINACAO - FOSCO	MP-LAM-003
18270945000199	1218	808C-FILME ADESIVO P/LAMINACAO - BRILHO	MP-LAM-002
11510299000140	52015-09903-00	FITA D FACE FLEXO SOFTPRINT 460mm x 25m - 52015	MP-ADF-002
11510299000140	52916-00002-00	FITA D FACE FLEXO PRINT 460mm x 25m - 52916	MP-ADF-004
08979043000172	T57605IO	AWR1 ZEBRA 110MM X 74M - IO	REV-RIB-005
08979043000172	T59198IO	AXR1 ZEBRA 110MM X 74M	REV-RIB-006
08979043000172	T62631IO	AXR1 ZEBRA GT800 110MMX300M	REV-RIB-007
08979043000172	T65053IO	AWR1 GENIUS 110MM X 450M - IO	REV-RIB-008
08979043000172	T65130IO	AXR1 GENIUS 110MM X 300M - IO	REV-RIB-009
08979043000172	T74346IO	APR1 ZEBRA 110MM X 74M - IO	REV-RIB-004
08979043000172	T74580IO	APR1 ZEBRA 110MMX450M	REV-RIB-010
21309396000123	T11074108	RIBBON CERA TDW108 - 110MMX74M	REV-RIB-001
21309396000123	Z11074108	RIBBON CERA TDW108 - 110MMX74M	REV-RIB-001
03447983000105	TERCFG14	RIBBON CERA TDW108 - 110MMX74M	REV-RIB-001
16889258000120	WA500	REDUTOR DE VISCOSIDADE	MP-TIN-025
16889258000120	WF02001	FILM WIN BW3 RED PANTONE 485	MP-TIN-023
16889258000120	WF1000	FILM WIN BW6 PROCESS YELLOW	MP-TIN-020
16889258000120	WF2000	FILM WIN BW4 PROCESS MAGENTA	MP-TIN-019
16889258000120	WF3000	FILM WIN BW8 PROCESS CYAN	MP-TIN-018
16889258000120	WF4000	FILM WIN BW8 PROCESS BLACK	MP-TIN-003
16889258000120	WF8000	FILM WIN BRANCO OPACO	MP-TIN-007
16889258000120	WUV4080-02	FLEXO UV WIN BW8 PANTHER POWER BLACK	MP-TIN-002
16889258000120	WUV8000	FLEXO UV DOT WIN BRANCO OPACO	MP-TIN-007
02744462000149	ESV10089-02	ETISTAR VERSA STRONG BW5 PROCESS YELLOW	MP-TIN-020
02744462000149	ESV30088-02	ETISTAR VERSA STRONG BW4 PROCESS MAGENTA	MP-TIN-019
02744462000149	ESV50088-02	ETISTAR VERSA STRONG BW8 PROCESS CYAN	MP-TIN-018
02744462000149	ESV80088-02	ETISTAR VERSA STRONG BW8 PROCESS BLACK	MP-TIN-003
02744462000149	UFC10082-02	FLEXOCURE COLOUR BW4 PROCESS YELLOW	MP-TIN-020
02744462000149	UFC80082-02	FLEXOCURE COLOUR BW8 PROCESS BLACK	MP-TIN-003
02744462000149	UPF00081-02	VERNIZ UV PRIME COAT	MP-TIN-024
12531813000197	25394	63 x 25,7 x 2 mm   Interno e ext semi-kraft personalizado    1482 pc	EMB-TUB-004
12531813000197	25395	60 x 25,7 x 2 mm   Interno e ext semi-kraft personalizado    1560 pc	EMB-TUB-005
12531813000197	25396	55 x 25,7 x 2 mm   Interno e ext semi-kraft personalizado    1716 pc	EMB-TUB-006
12531813000197	25397	50 x 25,7 x 2 mm   Interno e ext semi-kraft personalizado    1872 pc	EMB-TUB-007
12531813000197	25398	41 x 25,7 x 2 mm   Interno e ext semi-kraft personalizado    2301 pc	EMB-TUB-008
12531813000197	25399	20 x 76,2 x 3 mm   Interno e ext semi-kraft personalizado    1185 pc	EMB-TUB-009
12531813000197	25400	25 x 76,2 x 3 mm   Interno e ext semi-kraft personalizado    945 pc	EMB-TUB-010
12531813000197	25426	60 x 25,7 x 2 mm   Interno e ext semi-kraft Neutro    1560 pc	EMB-TUB-005
12531813000197	25434	25 x 76,2 x 3 mm   Interno e ext semi-kraft personalizado    577 pc	EMB-TUB-010
12531813000197	25435	50 x 25,7 x 2 mm   Interno e ext semi-kraft personalizado    2112 pc	EMB-TUB-007
04207230000187	PA1674	Folhas para marcar a ferro UC75260E - COLD FOIL OURO GREENFOIL-1	MP-CLD-001
44022333000197	LUX KPW XU 220	LUX KPW XU 220 - 1000M X 610MM	MP-CLD-003
25328710000176	PA000000000002	PAPEL COUCHE L2 170G	MP-PAP-012
25328710000176	PA000000000006	PAPEL COUCHE L2 80G	MP-PAP-010
17681727000184	020040	PERFECT CLEANER FLOTADOR (BB.5 L)	MP-TIN-027
